{"cameraMode":{"drawMode":0,"name":"Shaded","section":"Shading Mode"},"sceneLighting":false,"audioPlay":false,"sceneViewState":{"m_AlwaysRefresh":false,"showFog":true,"showSkybox":false,"showFlares":true,"showImageEffects":true,"showParticleSystems":true,"showVisualEffectGraphs":true,"m_FxEnabled":true},"in2DMode":false,"pivot":{"x":-0.9474501609802246,"y":0.11539352685213089,"z":-2.0069432258605959},"rotation":{"x":-0.024339133873581888,"y":-0.708175778388977,"z":-0.02444157935678959,"w":0.7052051424980164},"size":1.1324836015701295,"orthographic":false}